rank,candidate_id,score,reasoning
1,CAND_0039754,0.7811,"A standout profile with 16.2 years of industry experience, currently serving as a Senior Applied Scientist at Meta. Almost their entire career has been spent in product-led environments, meaning they are likely accustomed to our required ownership model. Their understanding of ranking evaluation is evident through mentions of offline evaluation, recall@k. They perfectly match the JD's need for production vector search, explicitly mentioning opensearch, elasticsearch, faiss in their career history. Overall, this is an incredibly clean and low-risk profile. (Score: 0.7811)"
2,CAND_0081846,0.7808,"A standout profile with 6.7 years of industry experience, currently serving as a Lead AI Engineer at Razorpay. They strongly index on product company experience, making them a great cultural fit for a startup. The candidate is clearly data-driven, specifically citing metrics like offline evaluation, recall@k. We specifically need builders of search systems, and they have demonstrably shipped systems using vector search, qdrant, elasticsearch. There are virtually no red flags in their behavioral signals. (Score: 0.7808)"
3,CAND_0055905,0.767,"This candidate is an exceptionally strong fit, bringing 8.1 years of experience from Flipkart. Almost their entire career has been spent in product-led environments, meaning they are likely accustomed to our required ownership model. Their understanding of ranking evaluation is evident through mentions of offline evaluation, recall@k. Crucially, their profile shows hands-on production experience with retrieval technologies like vector search, opensearch, elasticsearch. They also boast excellent engagement metrics and availability. (Score: 0.7670)"
4,CAND_0086022,0.7482,"Ranking in the top tier, this Senior Applied Scientist at Sarvam AI demonstrates deep alignment with our core requirements. The candidate is clearly data-driven, specifically citing metrics like offline evaluation, recall@k. Crucially, their profile shows hands-on production experience with retrieval technologies like pinecone, vector search, elasticsearch. They strongly index on product company experience, making them a great cultural fit for a startup. They also boast excellent engagement metrics and availability. (Score: 0.7482)"
5,CAND_0079387,0.7426,"A standout profile with 6.9 years of industry experience, currently serving as a AI Engineer at Microsoft. Crucially, their profile shows hands-on production experience with retrieval technologies like opensearch, vector search, elasticsearch. Their understanding of ranking evaluation is evident through mentions of a/b test. Almost their entire career has been spent in product-led environments, meaning they are likely accustomed to our required ownership model. There are virtually no red flags in their behavioral signals. (Score: 0.7426)"
6,CAND_0077337,0.7354,"Ranking in the top tier, this Staff Machine Learning Engineer at Paytm demonstrates deep alignment with our core requirements. They are familiar with pinecone, qdrant, opensearch, but the resume lacks evidence of deploying these tools to production users. They meet our requirement for rigorous measurement, noting experience with online evaluation, a/b test. Having built for real users rather than clients (high product-company fraction), they align well with our 0-to-1 culture. They also boast excellent engagement metrics and availability. (Score: 0.7354)"
7,CAND_0075249,0.7138,"Ranking in the top tier, this Applied ML Engineer at Zomato demonstrates deep alignment with our core requirements. Their understanding of ranking evaluation is evident through mentions of a/b test. They perfectly match the JD's need for production vector search, explicitly mentioning pinecone, faiss, elasticsearch in their career history. They strongly index on product company experience, making them a great cultural fit for a startup. They also boast excellent engagement metrics and availability. (Score: 0.7138)"
8,CAND_0096172,0.7088,"Ranking in the top tier, this NLP Engineer at Krutrim demonstrates deep alignment with our core requirements. They perfectly match the JD's need for production vector search, explicitly mentioning faiss, qdrant, elasticsearch in their career history. Their understanding of ranking evaluation is evident through mentions of a/b test. Having built for real users rather than clients (high product-company fraction), they align well with our 0-to-1 culture. They also boast excellent engagement metrics and availability. (Score: 0.7088)"
9,CAND_0046525,0.7083,"A standout profile with 6.1 years of industry experience, currently serving as a Senior Machine Learning Engineer at Genpact AI. Crucially, their profile shows hands-on production experience with retrieval technologies like faiss, qdrant, elasticsearch. They meet our requirement for rigorous measurement, noting experience with offline evaluation, recall@k. Almost their entire career has been spent in product-led environments, meaning they are likely accustomed to our required ownership model. There are virtually no red flags in their behavioral signals. (Score: 0.7083)"
10,CAND_0080766,0.7067,"A standout profile with 8.8 years of industry experience, currently serving as a Staff Machine Learning Engineer at Salesforce. We specifically need builders of search systems, and they have demonstrably shipped systems using ann, opensearch, elasticsearch. The candidate is clearly data-driven, specifically citing metrics like a/b test, ndcg. They strongly index on product company experience, making them a great cultural fit for a startup. Overall, this is an incredibly clean and low-risk profile. (Score: 0.7067)"
11,CAND_0030953,0.7041,"A standout profile with 7.8 years of industry experience, currently serving as a Search Engineer at Nykaa. Their understanding of ranking evaluation is evident through mentions of click-through, a/b test. Crucially, their profile shows hands-on production experience with retrieval technologies like elasticsearch, faiss, qdrant. Having built for real users rather than clients (high product-company fraction), they align well with our 0-to-1 culture. There are virtually no red flags in their behavioral signals. (Score: 0.7041)"
12,CAND_0062247,0.7039,"This candidate is an exceptionally strong fit, bringing 7.3 years of experience from Google. They perfectly match the JD's need for production vector search, explicitly mentioning vector search, elasticsearch, faiss in their career history. Almost their entire career has been spent in product-led environments, meaning they are likely accustomed to our required ownership model. Their understanding of ranking evaluation is evident through mentions of click-through. Overall, this is an incredibly clean and low-risk profile. (Score: 0.7039)"
13,CAND_0057563,0.6971,"A standout profile with 6.8 years of industry experience, currently serving as a NLP Engineer at Locobuzz. Having built for real users rather than clients (high product-company fraction), they align well with our 0-to-1 culture. They perfectly match the JD's need for production vector search, explicitly mentioning faiss, opensearch, elasticsearch in their career history. Their understanding of ranking evaluation is evident through mentions of click-through, a/b test. Overall, this is an incredibly clean and low-risk profile. (Score: 0.6971)"
14,CAND_0068811,0.6964,"Ranking in the top tier, this Applied ML Engineer at Freshworks demonstrates deep alignment with our core requirements. Almost their entire career has been spent in product-led environments, meaning they are likely accustomed to our required ownership model. We specifically need builders of search systems, and they have demonstrably shipped systems using opensearch, vector search, qdrant. They meet our requirement for rigorous measurement, noting experience with click-through, a/b test. Overall, this is an incredibly clean and low-risk profile. (Score: 0.6964)"
15,CAND_0044855,0.6903,"This candidate is an exceptionally strong fit, bringing 6.6 years of experience from Flipkart. Having built for real users rather than clients (high product-company fraction), they align well with our 0-to-1 culture. They meet our requirement for rigorous measurement, noting experience with a/b test. Crucially, their profile shows hands-on production experience with retrieval technologies like opensearch, vector search, elasticsearch. They also boast excellent engagement metrics and availability. (Score: 0.6903)"
16,CAND_0042506,0.6897,"This candidate has a respectable track record spanning 4.2 years, working most recently at Verloop.io. The candidate is clearly data-driven, specifically citing metrics like a/b test. We specifically need builders of search systems, and they have demonstrably shipped systems using pinecone, faiss, qdrant. Having built for real users rather than clients (high product-company fraction), they align well with our 0-to-1 culture. (Score: 0.6897)"
17,CAND_0060054,0.6856,"Demonstrates good potential as a AI Engineer with 6.4 years of relevant background, currently at Mad Street Den. Their understanding of ranking evaluation is evident through mentions of click-through, a/b test. We specifically need builders of search systems, and they have demonstrably shipped systems using faiss, weaviate, elasticsearch. Almost their entire career has been spent in product-led environments, meaning they are likely accustomed to our required ownership model. (Score: 0.6856)"
18,CAND_0050454,0.6789,"This candidate has a respectable track record spanning 6.8 years, working most recently at Rephrase.ai. They perfectly match the JD's need for production vector search, explicitly mentioning faiss, qdrant, elasticsearch in their career history. Their understanding of ranking evaluation is evident through mentions of click-through. Having built for real users rather than clients (high product-company fraction), they align well with our 0-to-1 culture. (Score: 0.6789)"
19,CAND_0008425,0.6732,"Demonstrates good potential as a Senior NLP Engineer with 7.8 years of relevant background, currently at Ola. The candidate is clearly data-driven, specifically citing metrics like online evaluation, a/b test. Crucially, their profile shows hands-on production experience with retrieval technologies like pinecone, qdrant. Almost their entire career has been spent in product-led environments, meaning they are likely accustomed to our required ownership model. The primary reservations regarding this candidate are a lengthy notice period of 90 days. (Score: 0.6732)"
20,CAND_0094759,0.669,"Demonstrates good potential as a Lead AI Engineer with 8.6 years of relevant background, currently at Meta. We specifically need builders of search systems, and they have demonstrably shipped systems using faiss, qdrant, weaviate. Their understanding of ranking evaluation is evident through mentions of offline evaluation, recall@k. Almost their entire career has been spent in product-led environments, meaning they are likely accustomed to our required ownership model. On the downside, a historically poor recruiter response rate (11%) could pose a hiring challenge. (Score: 0.6690)"
21,CAND_0043228,0.6677,"This candidate has a respectable track record spanning 6.8 years, working most recently at Zoho. They perfectly match the JD's need for production vector search, explicitly mentioning opensearch, vector search, elasticsearch in their career history. They meet our requirement for rigorous measurement, noting experience with click-through. Almost their entire career has been spent in product-led environments, meaning they are likely accustomed to our required ownership model. (Score: 0.6677)"
22,CAND_0081686,0.6664,"This candidate has a respectable track record spanning 6.0 years, working most recently at Netflix. The candidate is clearly data-driven, specifically citing metrics like click-through, a/b test. Crucially, their profile shows hands-on production experience with retrieval technologies like faiss, elasticsearch, milvus. They strongly index on product company experience, making them a great cultural fit for a startup. (Score: 0.6664)"
23,CAND_0001610,0.6629,"This candidate has a respectable track record spanning 3.0 years, working most recently at Dream11. They perfectly match the JD's need for production vector search, explicitly mentioning pinecone, faiss, elasticsearch in their career history. Having built for real users rather than clients (high product-company fraction), they align well with our 0-to-1 culture. The candidate is clearly data-driven, specifically citing metrics like click-through, a/b test. The primary reservations regarding this candidate are a lengthy notice period of 90 days. (Score: 0.6629)"
24,CAND_0005649,0.6612,"A solid candidate with 7.4 years of experience, presently at Sarvam AI. Almost their entire career has been spent in product-led environments, meaning they are likely accustomed to our required ownership model. Their understanding of ranking evaluation is evident through mentions of click-through, a/b test. Crucially, their profile shows hands-on production experience with retrieval technologies like pinecone, faiss, weaviate. On the downside, a lengthy notice period of 90 days could pose a hiring challenge. (Score: 0.6612)"
25,CAND_0033861,0.6608,"A solid candidate with 8.0 years of experience, presently at Mad Street Den. They are familiar with vector search, elasticsearch, qdrant, but the resume lacks evidence of deploying these tools to production users. They meet our requirement for rigorous measurement, noting experience with online evaluation, a/b test. They strongly index on product company experience, making them a great cultural fit for a startup. On the downside, a historically poor recruiter response rate (16%) could pose a hiring challenge. (Score: 0.6608)"
26,CAND_0018499,0.6551,"This candidate has a respectable track record spanning 7.2 years, working most recently at Zomato. Crucially, their profile shows hands-on production experience with retrieval technologies like pinecone, faiss, weaviate. Their understanding of ranking evaluation is evident through mentions of offline evaluation, recall@k. They strongly index on product company experience, making them a great cultural fit for a startup. (Score: 0.6551)"
27,CAND_0009024,0.6533,"This candidate has a respectable track record spanning 5.2 years, working most recently at Google. They check the box for knowing faiss, qdrant, opensearch, though practical deployment context is not fully visible. The candidate is clearly data-driven, specifically citing metrics like a/b test. Almost their entire career has been spent in product-led environments, meaning they are likely accustomed to our required ownership model. (Score: 0.6533)"
28,CAND_0046064,0.6533,"A solid candidate with 8.9 years of experience, presently at Salesforce. They perfectly match the JD's need for production vector search, explicitly mentioning pinecone, faiss, opensearch in their career history. The candidate is clearly data-driven, specifically citing metrics like offline evaluation, recall@k. They strongly index on product company experience, making them a great cultural fit for a startup. (Score: 0.6533)"
29,CAND_0002025,0.6524,"This candidate has a respectable track record spanning 5.9 years, working most recently at Apple. They check the box for knowing pinecone, faiss, weaviate, though practical deployment context is not fully visible. Their understanding of ranking evaluation is evident through mentions of online evaluation, a/b test. They strongly index on product company experience, making them a great cultural fit for a startup. (Score: 0.6524)"
30,CAND_0011687,0.6521,"Demonstrates good potential as a Senior NLP Engineer with 7.8 years of relevant background, currently at Niramai. We specifically need builders of search systems, and they have demonstrably shipped systems using pinecone, faiss, weaviate. Their understanding of ranking evaluation is evident through mentions of online evaluation, mrr. Almost their entire career has been spent in product-led environments, meaning they are likely accustomed to our required ownership model. (Score: 0.6521)"
31,CAND_0044222,0.6496,"Demonstrates good potential as a AI Engineer with 7.7 years of relevant background, currently at PolicyBazaar. Crucially, their profile shows hands-on production experience with retrieval technologies like opensearch, vector search, elasticsearch. Their understanding of ranking evaluation is evident through mentions of click-through, a/b test. They strongly index on product company experience, making them a great cultural fit for a startup. (Score: 0.6496)"
32,CAND_0041669,0.6491,"A solid candidate with 8.0 years of experience, presently at CRED. They perfectly match the JD's need for production vector search, explicitly mentioning faiss, qdrant, milvus in their career history. The candidate is clearly data-driven, specifically citing metrics like click-through, a/b test. Having built for real users rather than clients (high product-company fraction), they align well with our 0-to-1 culture. (Score: 0.6491)"
33,CAND_0041610,0.6489,"Demonstrates good potential as a Recommendation Systems Engineer with 6.7 years of relevant background, currently at Zoho. They meet our requirement for rigorous measurement, noting experience with click-through. They perfectly match the JD's need for production vector search, explicitly mentioning pinecone, opensearch, elasticsearch in their career history. Almost their entire career has been spent in product-led environments, meaning they are likely accustomed to our required ownership model. (Score: 0.6489)"
34,CAND_0054123,0.6475,"This candidate has a respectable track record spanning 4.7 years, working most recently at Meta. They perfectly match the JD's need for production vector search, explicitly mentioning vector search, elasticsearch, faiss in their career history. The candidate is clearly data-driven, specifically citing metrics like a/b test. They strongly index on product company experience, making them a great cultural fit for a startup. (Score: 0.6475)"
35,CAND_0066376,0.6468,"A solid candidate with 5.7 years of experience, presently at Dream11. Almost their entire career has been spent in product-led environments, meaning they are likely accustomed to our required ownership model. They meet our requirement for rigorous measurement, noting experience with a/b test. They perfectly match the JD's need for production vector search, explicitly mentioning faiss, elasticsearch in their career history. The primary reservations regarding this candidate are a lengthy notice period of 90 days. (Score: 0.6468)"
36,CAND_0091534,0.6448,"A solid candidate with 16.6 years of experience, presently at Flipkart. They perfectly match the JD's need for production vector search, explicitly mentioning pinecone, faiss, qdrant in their career history. Their understanding of ranking evaluation is evident through mentions of click-through, a/b test. They strongly index on product company experience, making them a great cultural fit for a startup. (Score: 0.6448)"
37,CAND_0015528,0.6416,"A solid candidate with 7.4 years of experience, presently at Krutrim. The candidate is clearly data-driven, specifically citing metrics like a/b test. Although they list faiss, weaviate, opensearch in their skills, it's missing from their actual job descriptions. They strongly index on product company experience, making them a great cultural fit for a startup. (Score: 0.6416)"
38,CAND_0075439,0.6406,"Demonstrates good potential as a Machine Learning Engineer with 4.3 years of relevant background, currently at Flipkart. We specifically need builders of search systems, and they have demonstrably shipped systems using pinecone, vector search, opensearch. The candidate is clearly data-driven, specifically citing metrics like a/b test. Almost their entire career has been spent in product-led environments, meaning they are likely accustomed to our required ownership model. (Score: 0.6406)"
39,CAND_0051292,0.6388,"Demonstrates good potential as a Applied ML Engineer with 5.2 years of relevant background, currently at Freshworks. Their understanding of ranking evaluation is evident through mentions of click-through. Crucially, their profile shows hands-on production experience with retrieval technologies like pinecone, faiss, elasticsearch. Having built for real users rather than clients (high product-company fraction), they align well with our 0-to-1 culture. (Score: 0.6388)"
40,CAND_0054394,0.6368,"A solid candidate with 4.1 years of experience, presently at PharmEasy. We specifically need builders of search systems, and they have demonstrably shipped systems using pinecone, faiss, elasticsearch. The candidate is clearly data-driven, specifically citing metrics like click-through, a/b test. Almost their entire career has been spent in product-led environments, meaning they are likely accustomed to our required ownership model. (Score: 0.6368)"
41,CAND_0076251,0.6357,"A solid candidate with 7.6 years of experience, presently at Haptik. They perfectly match the JD's need for production vector search, explicitly mentioning faiss, weaviate, elasticsearch in their career history. A notable gap is the lack of ranking evaluation keywords, making it hard to judge their rigor. Almost their entire career has been spent in product-led environments, meaning they are likely accustomed to our required ownership model. (Score: 0.6357)"
42,CAND_0030348,0.635,"This candidate has a respectable track record spanning 4.5 years, working most recently at BYJU'S. Their understanding of ranking evaluation is evident through mentions of a/b test. We specifically need builders of search systems, and they have demonstrably shipped systems using vector search, elasticsearch, faiss. Almost their entire career has been spent in product-led environments, meaning they are likely accustomed to our required ownership model. (Score: 0.6350)"
43,CAND_0049896,0.6331,"A solid candidate with 7.3 years of experience, presently at Unacademy. Having built for real users rather than clients (high product-company fraction), they align well with our 0-to-1 culture. They meet our requirement for rigorous measurement, noting experience with a/b test. Crucially, their profile shows hands-on production experience with retrieval technologies like pinecone, vector search. We must acknowledge some risks, specifically a lengthy notice period of 90 days. (Score: 0.6331)"
44,CAND_0018549,0.6325,"A solid candidate with 6.8 years of experience, presently at Uber. The candidate is clearly data-driven, specifically citing metrics like click-through, a/b test. They check the box for knowing opensearch, elasticsearch, qdrant, though practical deployment context is not fully visible. Having built for real users rather than clients (high product-company fraction), they align well with our 0-to-1 culture. (Score: 0.6325)"
45,CAND_0069905,0.6306,"Demonstrates good potential as a Applied ML Engineer with 6.6 years of relevant background, currently at Sarvam AI. They perfectly match the JD's need for production vector search, explicitly mentioning pinecone, faiss, weaviate in their career history. They strongly index on product company experience, making them a great cultural fit for a startup. The candidate is clearly data-driven, specifically citing metrics like a/b test. The primary reservations regarding this candidate are a lengthy notice period of 90 days. (Score: 0.6306)"
46,CAND_0030031,0.629,"This candidate has a respectable track record spanning 5.7 years, working most recently at Microsoft. Although they list vector search, milvus in their skills, it's missing from their actual job descriptions. They meet our requirement for rigorous measurement, noting experience with click-through, a/b test. They strongly index on product company experience, making them a great cultural fit for a startup. (Score: 0.6290)"
47,CAND_0055992,0.6285,"Demonstrates good potential as a AI Engineer with 16.9 years of relevant background, currently at CRED. We specifically need builders of search systems, and they have demonstrably shipped systems using opensearch, elasticsearch, faiss. They meet our requirement for rigorous measurement, noting experience with click-through, a/b test. They strongly index on product company experience, making them a great cultural fit for a startup. (Score: 0.6285)"
48,CAND_0079284,0.6205,"Demonstrates good potential as a Machine Learning Engineer with 4.9 years of relevant background, currently at Google. They are familiar with qdrant, elasticsearch, but the resume lacks evidence of deploying these tools to production users. Their understanding of ranking evaluation is evident through mentions of click-through, a/b test. Almost their entire career has been spent in product-led environments, meaning they are likely accustomed to our required ownership model. (Score: 0.6205)"
49,CAND_0026532,0.6204,"A solid candidate with 4.8 years of experience, presently at Zomato. They strongly index on product company experience, making them a great cultural fit for a startup. Crucially, their profile shows hands-on production experience with retrieval technologies like pinecone, faiss, elasticsearch. They meet our requirement for rigorous measurement, noting experience with a/b test. The primary reservations regarding this candidate are a lengthy notice period of 90 days. (Score: 0.6204)"
50,CAND_0018722,0.6184,"Demonstrates good potential as a Recommendation Systems Engineer with 6.6 years of relevant background, currently at Saarthi.ai. The candidate is clearly data-driven, specifically citing metrics like click-through, a/b test. Almost their entire career has been spent in product-led environments, meaning they are likely accustomed to our required ownership model. Crucially, their profile shows hands-on production experience with retrieval technologies like faiss, weaviate, elasticsearch. The primary reservations regarding this candidate are a lengthy notice period of 90 days. (Score: 0.6184)"
51,CAND_0041568,0.618,"While they made the top 100, this Search Engineer at Haptik presents a mixed profile despite 5.2 years of experience. Having built for real users rather than clients (high product-company fraction), they align well with our 0-to-1 culture. The candidate is clearly data-driven, specifically citing metrics like click-through, a/b test. Crucially, their profile shows hands-on production experience with retrieval technologies like pinecone, vector search, qdrant. The primary reservations regarding this candidate are a lengthy notice period of 90 days. (Score: 0.6180)"
52,CAND_0010685,0.6179,"A borderline candidate with 6.7 years of experience, currently at Rephrase.ai. The candidate is clearly data-driven, specifically citing metrics like click-through, a/b test. We specifically need builders of search systems, and they have demonstrably shipped systems using faiss, elasticsearch. Almost their entire career has been spent in product-led environments, meaning they are likely accustomed to our required ownership model. (Score: 0.6179)"
53,CAND_0044883,0.6154,"Barely making the cut, this profile from Mad Street Den offers some relevant skills over 6.3 years but has notable gaps. They meet our requirement for rigorous measurement, noting experience with click-through, a/b test. We specifically need builders of search systems, and they have demonstrably shipped systems using pinecone, faiss, elasticsearch. They strongly index on product company experience, making them a great cultural fit for a startup. The primary reservations regarding this candidate are a lengthy notice period of 90 days. (Score: 0.6154)"
54,CAND_0017960,0.613,"While they made the top 100, this Recommendation Systems Engineer at Nykaa presents a mixed profile despite 7.7 years of experience. Their understanding of ranking evaluation is evident through mentions of click-through, a/b test. They perfectly match the JD's need for production vector search, explicitly mentioning pinecone, qdrant in their career history. Having built for real users rather than clients (high product-company fraction), they align well with our 0-to-1 culture. (Score: 0.6130)"
55,CAND_0058575,0.6126,"Barely making the cut, this profile from Krutrim offers some relevant skills over 5.8 years but has notable gaps. Having built for real users rather than clients (high product-company fraction), they align well with our 0-to-1 culture. The candidate is clearly data-driven, specifically citing metrics like a/b test. We specifically need builders of search systems, and they have demonstrably shipped systems using pinecone, faiss, elasticsearch. On the downside, a lengthy notice period of 90 days could pose a hiring challenge. (Score: 0.6126)"
56,CAND_0010770,0.6124,"Barely making the cut, this profile from Aganitha offers some relevant skills over 15.2 years but has notable gaps. They perfectly match the JD's need for production vector search, explicitly mentioning faiss, qdrant, elasticsearch in their career history. Their understanding of ranking evaluation is evident through mentions of click-through, a/b test. Almost their entire career has been spent in product-led environments, meaning they are likely accustomed to our required ownership model. (Score: 0.6124)"
57,CAND_0045250,0.6094,"A borderline candidate with 6.6 years of experience, currently at Rephrase.ai. The candidate is clearly data-driven, specifically citing metrics like click-through, a/b test. Although they list vector search, qdrant, milvus in their skills, it's missing from their actual job descriptions. Almost their entire career has been spent in product-led environments, meaning they are likely accustomed to our required ownership model. (Score: 0.6094)"
58,CAND_0071974,0.6087,"Barely making the cut, this profile from Netflix offers some relevant skills over 7.8 years but has notable gaps. Their understanding of ranking evaluation is evident through mentions of online evaluation, a/b test. Crucially, their profile shows hands-on production experience with retrieval technologies like pinecone, qdrant, weaviate. Almost their entire career has been spent in product-led environments, meaning they are likely accustomed to our required ownership model. (Score: 0.6087)"
59,CAND_0040117,0.6086,"Barely making the cut, this profile from PhonePe offers some relevant skills over 6.5 years but has notable gaps. Crucially, their profile shows hands-on production experience with retrieval technologies like pinecone, faiss. Their understanding of ranking evaluation is evident through mentions of a/b test. Having built for real users rather than clients (high product-company fraction), they align well with our 0-to-1 culture. (Score: 0.6086)"
60,CAND_0005260,0.6039,"A borderline candidate with 5.2 years of experience, currently at Netflix. Crucially, their profile shows hands-on production experience with retrieval technologies like faiss. Their understanding of ranking evaluation is evident through mentions of offline evaluation, recall@k. Almost their entire career has been spent in product-led environments, meaning they are likely accustomed to our required ownership model. (Score: 0.6039)"
61,CAND_0013613,0.6033,"While they made the top 100, this Machine Learning Engineer at Adobe presents a mixed profile despite 4.7 years of experience. They meet our requirement for rigorous measurement, noting experience with click-through, a/b test. Crucially, their profile shows hands-on production experience with retrieval technologies like faiss, weaviate, elasticsearch. They strongly index on product company experience, making them a great cultural fit for a startup. (Score: 0.6033)"
62,CAND_0052682,0.6013,"A borderline candidate with 6.6 years of experience, currently at Aganitha. They meet our requirement for rigorous measurement, noting experience with a/b test. Crucially, their profile shows hands-on production experience with retrieval technologies like pinecone, faiss. Almost their entire career has been spent in product-led environments, meaning they are likely accustomed to our required ownership model. (Score: 0.6013)"
63,CAND_0042029,0.6008,"While they made the top 100, this Senior Data Scientist at Flipkart presents a mixed profile despite 6.5 years of experience. They perfectly match the JD's need for production vector search, explicitly mentioning pinecone, weaviate, elasticsearch in their career history. The candidate is clearly data-driven, specifically citing metrics like click-through, a/b test. They strongly index on product company experience, making them a great cultural fit for a startup. (Score: 0.6008)"
64,CAND_0040887,0.5974,"A borderline candidate with 4.7 years of experience, currently at Netflix. There is no evidence they have formally evaluated retrieval quality. We specifically need builders of search systems, and they have demonstrably shipped systems using pinecone, faiss, elasticsearch. They strongly index on product company experience, making them a great cultural fit for a startup. (Score: 0.5974)"
65,CAND_0041611,0.5968,"While they made the top 100, this Staff Machine Learning Engineer at Locobuzz presents a mixed profile despite 6.4 years of experience. They strongly index on product company experience, making them a great cultural fit for a startup. We specifically need builders of search systems, and they have demonstrably shipped systems using faiss, qdrant, weaviate. They meet our requirement for rigorous measurement, noting experience with offline evaluation, recall@k. On the downside, a historically poor recruiter response rate (7%) could pose a hiring challenge. (Score: 0.5968)"
66,CAND_0093331,0.5961,"A borderline candidate with 16.1 years of experience, currently at Genpact AI. They do not mention any explicit evaluation metrics (like NDCG or A/B testing). Crucially, their profile shows hands-on production experience with retrieval technologies like faiss, elasticsearch, milvus. They strongly index on product company experience, making them a great cultural fit for a startup. (Score: 0.5961)"
67,CAND_0095528,0.5945,"A borderline candidate with 5.3 years of experience, currently at Netflix. They meet our requirement for rigorous measurement, noting experience with a/b test. Although they list vector search, qdrant, elasticsearch in their skills, it's missing from their actual job descriptions. Having built for real users rather than clients (high product-company fraction), they align well with our 0-to-1 culture. (Score: 0.5945)"
68,CAND_0077285,0.5908,"While they made the top 100, this Recommendation Systems Engineer at Nykaa presents a mixed profile despite 5.5 years of experience. They meet our requirement for rigorous measurement, noting experience with click-through, a/b test. They perfectly match the JD's need for production vector search, explicitly mentioning pinecone, faiss, milvus in their career history. Almost their entire career has been spent in product-led environments, meaning they are likely accustomed to our required ownership model. (Score: 0.5908)"
69,CAND_0020877,0.5904,"Barely making the cut, this profile from CRED offers some relevant skills over 5.1 years but has notable gaps. A notable gap is the lack of ranking evaluation keywords, making it hard to judge their rigor. They perfectly match the JD's need for production vector search, explicitly mentioning opensearch, elasticsearch, faiss in their career history. They strongly index on product company experience, making them a great cultural fit for a startup. (Score: 0.5904)"
70,CAND_0061339,0.5849,"A borderline candidate with 4.2 years of experience, currently at Rephrase.ai. Their understanding of ranking evaluation is evident through mentions of click-through, a/b test. Almost their entire career has been spent in product-led environments, meaning they are likely accustomed to our required ownership model. Although they list vector search, opensearch, milvus in their skills, it's missing from their actual job descriptions. We must acknowledge some risks, specifically a lengthy notice period of 90 days. (Score: 0.5849)"
71,CAND_0093547,0.5847,"While they made the top 100, this Senior Machine Learning Engineer at PhonePe presents a mixed profile despite 2.9 years of experience. They meet our requirement for rigorous measurement, noting experience with online evaluation, a/b test. We specifically need builders of search systems, and they have demonstrably shipped systems using pinecone, faiss, weaviate. They strongly index on product company experience, making them a great cultural fit for a startup. (Score: 0.5847)"
72,CAND_0065195,0.5833,"Barely making the cut, this profile from CRED offers some relevant skills over 5.1 years but has notable gaps. They perfectly match the JD's need for production vector search, explicitly mentioning pinecone, qdrant, elasticsearch in their career history. They do not mention any explicit evaluation metrics (like NDCG or A/B testing). They strongly index on product company experience, making them a great cultural fit for a startup. (Score: 0.5833)"
73,CAND_0037000,0.5791,"Barely making the cut, this profile from Unacademy offers some relevant skills over 2.7 years but has notable gaps. The candidate is clearly data-driven, specifically citing metrics like click-through, a/b test. Crucially, their profile shows hands-on production experience with retrieval technologies like pinecone, faiss. Having built for real users rather than clients (high product-company fraction), they align well with our 0-to-1 culture. (Score: 0.5791)"
74,CAND_0088025,0.578,"A borderline candidate with 8.6 years of experience, currently at Yellow.ai. We specifically need builders of search systems, and they have demonstrably shipped systems using pinecone, elasticsearch. They strongly index on product company experience, making them a great cultural fit for a startup. The candidate is clearly data-driven, specifically citing metrics like online evaluation, a/b test. On the downside, a lengthy notice period of 90 days could pose a hiring challenge. (Score: 0.5780)"
75,CAND_0098846,0.5746,"A borderline candidate with 7.6 years of experience, currently at upGrad. Crucially, their profile shows hands-on production experience with retrieval technologies like pinecone, qdrant. The candidate is clearly data-driven, specifically citing metrics like click-through, a/b test. They strongly index on product company experience, making them a great cultural fit for a startup. (Score: 0.5746)"
76,CAND_0006567,0.5744,"Barely making the cut, this profile from Meta offers some relevant skills over 7.9 years but has notable gaps. They meet our requirement for rigorous measurement, noting experience with a/b test. They perfectly match the JD's need for production vector search, explicitly mentioning ann in their career history. They strongly index on product company experience, making them a great cultural fit for a startup. (Score: 0.5744)"
77,CAND_0061655,0.5738,"Barely making the cut, this profile from Krutrim offers some relevant skills over 4.6 years but has notable gaps. Although they list pinecone, qdrant, elasticsearch in their skills, it's missing from their actual job descriptions. The candidate is clearly data-driven, specifically citing metrics like click-through, a/b test. They strongly index on product company experience, making them a great cultural fit for a startup. (Score: 0.5738)"
78,CAND_0049538,0.5717,"While they made the top 100, this Applied ML Engineer at Saarthi.ai presents a mixed profile despite 5.8 years of experience. Their understanding of ranking evaluation is evident through mentions of click-through. They are familiar with vector search, opensearch, elasticsearch, but the resume lacks evidence of deploying these tools to production users. Almost their entire career has been spent in product-led environments, meaning they are likely accustomed to our required ownership model. (Score: 0.5717)"
79,CAND_0028793,0.5715,"While they made the top 100, this Search Engineer at Google presents a mixed profile despite 7.2 years of experience. Having built for real users rather than clients (high product-company fraction), they align well with our 0-to-1 culture. Crucially, their profile shows hands-on production experience with retrieval technologies like pinecone, faiss, elasticsearch. They meet our requirement for rigorous measurement, noting experience with click-through, a/b test. We must acknowledge some risks, specifically a lengthy notice period of 120 days. (Score: 0.5715)"
80,CAND_0000031,0.5712,"Barely making the cut, this profile from Swiggy offers some relevant skills over 6.0 years but has notable gaps. Their understanding of ranking evaluation is evident through mentions of click-through, a/b test. They are familiar with pinecone, faiss, but the resume lacks evidence of deploying these tools to production users. They strongly index on product company experience, making them a great cultural fit for a startup. (Score: 0.5712)"
81,CAND_0066999,0.5698,"A borderline candidate with 5.9 years of experience, currently at Microsoft. They check the box for knowing pinecone, faiss, opensearch, though practical deployment context is not fully visible. Their understanding of ranking evaluation is evident through mentions of click-through. They strongly index on product company experience, making them a great cultural fit for a startup. (Score: 0.5698)"
82,CAND_0031593,0.5672,"Barely making the cut, this profile from Genpact AI offers some relevant skills over 7.8 years but has notable gaps. They meet our requirement for rigorous measurement, noting experience with click-through, a/b test. Almost their entire career has been spent in product-led environments, meaning they are likely accustomed to our required ownership model. Crucially, their profile shows hands-on production experience with retrieval technologies like pinecone, elasticsearch. On the downside, a lengthy notice period of 90 days could pose a hiring challenge. (Score: 0.5672)"
83,CAND_0053591,0.567,"A borderline candidate with 5.3 years of experience, currently at Ola. They perfectly match the JD's need for production vector search, explicitly mentioning pinecone, qdrant, opensearch in their career history. They meet our requirement for rigorous measurement, noting experience with click-through, a/b test. Having built for real users rather than clients (high product-company fraction), they align well with our 0-to-1 culture. (Score: 0.5670)"
84,CAND_0047721,0.5667,"A borderline candidate with 7.0 years of experience, currently at Microsoft. Having built for real users rather than clients (high product-company fraction), they align well with our 0-to-1 culture. They meet our requirement for rigorous measurement, noting experience with click-through, a/b test. Although they list faiss, qdrant, milvus in their skills, it's missing from their actual job descriptions. On the downside, a lengthy notice period of 90 days could pose a hiring challenge. (Score: 0.5667)"
85,CAND_0029367,0.5658,"While they made the top 100, this Senior Data Scientist at Rephrase.ai presents a mixed profile despite 5.7 years of experience. Crucially, their profile shows hands-on production experience with retrieval technologies like pinecone, faiss, elasticsearch. They do not mention any explicit evaluation metrics (like NDCG or A/B testing). They strongly index on product company experience, making them a great cultural fit for a startup. On the downside, a lengthy notice period of 90 days could pose a hiring challenge. (Score: 0.5658)"
86,CAND_0086151,0.5643,"Barely making the cut, this profile from Wysa offers some relevant skills over 7.7 years but has notable gaps. They perfectly match the JD's need for production vector search, explicitly mentioning faiss, qdrant, elasticsearch in their career history. Almost their entire career has been spent in product-led environments, meaning they are likely accustomed to our required ownership model. They meet our requirement for rigorous measurement, noting experience with click-through, a/b test. We must acknowledge some risks, specifically a lengthy notice period of 120 days. (Score: 0.5643)"
87,CAND_0014440,0.5634,"A borderline candidate with 6.4 years of experience, currently at CRED. The candidate is clearly data-driven, specifically citing metrics like click-through, a/b test. Although they list faiss, qdrant, elasticsearch in their skills, it's missing from their actual job descriptions. Almost their entire career has been spent in product-led environments, meaning they are likely accustomed to our required ownership model. (Score: 0.5634)"
88,CAND_0030468,0.5634,"Barely making the cut, this profile from Swiggy offers some relevant skills over 5.4 years but has notable gaps. Their understanding of ranking evaluation is evident through mentions of a/b test. They check the box for knowing opensearch, milvus, though practical deployment context is not fully visible. They strongly index on product company experience, making them a great cultural fit for a startup. (Score: 0.5634)"
89,CAND_0039383,0.5627,"A borderline candidate with 7.1 years of experience, currently at Meesho. Having built for real users rather than clients (high product-company fraction), they align well with our 0-to-1 culture. The candidate is clearly data-driven, specifically citing metrics like click-through, a/b test. Crucially, their profile shows hands-on production experience with retrieval technologies like faiss, elasticsearch, vector search. We must acknowledge some risks, specifically a lengthy notice period of 90 days. (Score: 0.5627)"
90,CAND_0052335,0.5625,"While they made the top 100, this Applied ML Engineer at Aganitha presents a mixed profile despite 6.4 years of experience. Crucially, their profile shows hands-on production experience with retrieval technologies like pinecone. The candidate is clearly data-driven, specifically citing metrics like click-through, a/b test. Having built for real users rather than clients (high product-company fraction), they align well with our 0-to-1 culture. (Score: 0.5625)"
91,CAND_0061265,0.5618,"A borderline candidate with 6.6 years of experience, currently at Zoho. The candidate is clearly data-driven, specifically citing metrics like click-through. We specifically need builders of search systems, and they have demonstrably shipped systems using vector search, elasticsearch, faiss. Almost their entire career has been spent in product-led environments, meaning they are likely accustomed to our required ownership model. We must acknowledge some risks, specifically a lengthy notice period of 120 days. (Score: 0.5618)"
92,CAND_0099806,0.5612,"While they made the top 100, this AI Engineer at Mad Street Den presents a mixed profile despite 4.6 years of experience. Their understanding of ranking evaluation is evident through mentions of click-through, a/b test. They are familiar with faiss, qdrant, weaviate, but the resume lacks evidence of deploying these tools to production users. Almost their entire career has been spent in product-led environments, meaning they are likely accustomed to our required ownership model. (Score: 0.5612)"
93,CAND_0081852,0.5612,"While they made the top 100, this Senior Data Scientist at Mad Street Den presents a mixed profile despite 5.9 years of experience. A notable gap is the lack of ranking evaluation keywords, making it hard to judge their rigor. Crucially, their profile shows hands-on production experience with retrieval technologies like pinecone, vector search, weaviate. Having built for real users rather than clients (high product-company fraction), they align well with our 0-to-1 culture. (Score: 0.5612)"
94,CAND_0075574,0.5609,"Barely making the cut, this profile from Haptik offers some relevant skills over 5.7 years but has notable gaps. Crucially, their profile shows hands-on production experience with retrieval technologies like opensearch, vector search, elasticsearch. Their understanding of ranking evaluation is evident through mentions of click-through, a/b test. Having built for real users rather than clients (high product-company fraction), they align well with our 0-to-1 culture. (Score: 0.5609)"
95,CAND_0070202,0.5605,"Barely making the cut, this profile from BYJU'S offers some relevant skills over 5.1 years but has notable gaps. They check the box for knowing qdrant, though practical deployment context is not fully visible. They meet our requirement for rigorous measurement, noting experience with click-through, a/b test. Having built for real users rather than clients (high product-company fraction), they align well with our 0-to-1 culture. We must acknowledge some risks, specifically a lengthy notice period of 90 days. (Score: 0.5605)"
96,CAND_0091909,0.5604,"A borderline candidate with 6.9 years of experience, currently at Rephrase.ai. They check the box for knowing pinecone, qdrant, opensearch, though practical deployment context is not fully visible. They meet our requirement for rigorous measurement, noting experience with click-through, a/b test. They strongly index on product company experience, making them a great cultural fit for a startup. (Score: 0.5604)"
97,CAND_0089552,0.5597,"A borderline candidate with 6.0 years of experience, currently at Netflix. Almost their entire career has been spent in product-led environments, meaning they are likely accustomed to our required ownership model. They meet our requirement for rigorous measurement, noting experience with a/b test. We specifically need builders of search systems, and they have demonstrably shipped systems using vector search, qdrant, milvus. On the downside, a lengthy notice period of 120 days could pose a hiring challenge. (Score: 0.5597)"
98,CAND_0030827,0.5586,"While they made the top 100, this Senior Data Scientist at Freshworks presents a mixed profile despite 5.4 years of experience. Having built for real users rather than clients (high product-company fraction), they align well with our 0-to-1 culture. Their understanding of ranking evaluation is evident through mentions of click-through. We specifically need builders of search systems, and they have demonstrably shipped systems using faiss, qdrant, elasticsearch. On the downside, a lengthy notice period of 120 days could pose a hiring challenge. (Score: 0.5586)"
99,CAND_0024620,0.5573,"While they made the top 100, this AI Engineer at PharmEasy presents a mixed profile despite 5.9 years of experience. They check the box for knowing elasticsearch, though practical deployment context is not fully visible. Their understanding of ranking evaluation is evident through mentions of click-through. They strongly index on product company experience, making them a great cultural fit for a startup. (Score: 0.5573)"
100,CAND_0011162,0.5565,"While they made the top 100, this Recommendation Systems Engineer at upGrad presents a mixed profile despite 5.8 years of experience. Having built for real users rather than clients (high product-company fraction), they align well with our 0-to-1 culture. Their understanding of ranking evaluation is evident through mentions of click-through, a/b test. Although they list opensearch, vector search, faiss in their skills, it's missing from their actual job descriptions. The primary reservations regarding this candidate are a lengthy notice period of 90 days. (Score: 0.5565)"
